Workbook
Name Вес: Условие!$C$2:$C$201
Name Курс: '[1]1'!$B$9:$B$58
Name Рост: Условие!$B$2:$B$201

Sheet Условие
A1: № | B1: Рост | C1: Вес
A2: 1 | B2: 165 | C2: 67
A3: 2 | B3: 162 | C3: 60 | F3: Задания:
A4: 3 | B4: 171 | C4: 60 | F4: 1) Ранжируя обе выборки, составить вариационные ряды
A5: 4 | B5: 172 | C5: 72 | F5: 2) Построить интервальные вариационные ряды, разбив каждую выборку на 10 интервалов.
A6: 5 | B6: 171 | C6: 65 | F6: 3) Для первой выборки (рост) построить: а). гистограмму, б). полигон, в). выборочную функцию распределения.
A7: 6 | B7: 166 | C7: 62 | F7: 4) Для каждой выборки по интервальному вариационному ряду найти:
A8: 7 | B8: 164 | C8: 56 | F8: а). Выборочное среднее, б). Выборочную дисперсию,
A9: 8 | B9: 164 | C9: 63 | F9: в). Исправленную дисперсию (хотя это и не нужно в данном случае),
A10: 9 | B10: 169 | C10: 65 | F10: г). Исправленные выборочные средние квадратические отклонения, д). Моду.
A11: 10 | B11: 169 | C11: 75 | F11: 5) Найти точечные оценки из предыдущего пункта (кроме моды) и медиану, применив встроенные функции EXEL к исходным данным.
A12: 11 | B12: 163 | C12: 54 | F12: 6) Найти интервальные оценки надежности 0,95 параметров роста, считая его нормальной случайной величиной:
A13: 12 | B13: 173 | C13: 75 | F13: а) Доверительный интервал параметра “а”, считая известным параметр
A14: 13 | B14: 176 | C14: 67 | F14: б) Доверительный интервал параметра “а”, считая неизвестным параметр
... A35: 34 | B35: 161 | C35: 55 | F35: г) Проверить гипотезу о статистической значимости уравнения линейной регрессии при уровне 0,05.
A36: 35 | B36: 169 | C36: 64
A37: 36 | B37: 163 | C37: 64
A38: 37 | B38: 168 | C38: 58
A39: 38 | B39: 166 | C39: 63
A40: 39 | B40: 172 | C40: 69
A41: 40 | B41: 165 | C41: 76
A42: 41 | B42: 166 | C42: 71
A43: 42 | B43: 171 | C43: 75
A44: 43 | B44: 161 | C44: 56
A45: 44 | B45: 163 | C45: 58
A46: 45 | B46: 165 | C46: 72
A47: 46 | B47: 172 | C47: 66
... A201: 200 | B201: 165 | C201: 63

Sheet 1
A1: Составим вариационные ряды | C1: Рост | E1: Вес
C2: 156 | E2: 48
C3: 157 | E3: 50
C4: 157 | E4: 51
C5: 157 | E5: 51
C6: 158 | E6: 51
C7: 159 | E7: 52
C8: 159 | E8: 53
C9: 160 | E9: 53
C10: 160 | E10: 54
C11: 160 | E11: 54
C12: 160 | E12: 54
C13: 161 | E13: 55
... C201: 196 | E201: 80

Sheet 2
C1: Рост | F1: Интервалы | J1: Вес | M1: Интервалы
A2: 2) Построить интервальные вариационные ряды, | C2: 156 | E2: i | F2: ai-1 | G2: ai | J2: 48 | L2: i | M2: ai-1 | N2: ai
A3: разбив каждую выборку на 10 интервалов. | C3: 157 | E3: 1 | F3: =C2 -> 156 | G3: =F3+$G$19 -> 160 | J3: 50 | L3: 1 | M3: =J2 -> 48 | N3: =M3+$N$19 -> 51.2
C4: 157 | E4: 2 | F4: =G3 -> 160 | G4: =F4+$G$19 -> 164 | J4: 51 | L4: 2 | M4: =N3 -> 51.2 | N4: =M4+$N$19 -> 54.4
C5: 157 | E5: 3 | F5: =G4 -> 164 | G5: =F5+$G$19 -> 168 | J5: 51 | L5: 3 | M5: =N4 -> 54.4 | N5: =M5+$N$19 -> 57.6
C6: 158 | E6: 4 | F6: =G5 -> 168 | G6: =F6+$G$19 -> 172 | J6: 51 | L6: 4 | M6: =N5 -> 57.6 | N6: =M6+$N$19 -> 60.8
C7: 159 | E7: 5 | F7: =G6 -> 172 | G7: =F7+$G$19 -> 176 | J7: 52 | L7: 5 | M7: =N6 -> 60.8 | N7: =M7+$N$19 -> 64
C8: 159 | E8: 6 | F8: =G7 -> 176 | G8: =F8+$G$19 -> 180 | J8: 53 | L8: 6 | M8: =N7 -> 64 | N8: =M8+$N$19 -> 67.2
C9: 160 | E9: 7 | F9: =G8 -> 180 | G9: =F9+$G$19 -> 184 | J9: 53 | L9: 7 | M9: =N8 -> 67.2 | N9: =M9+$N$19 -> 70.4
C10: 160 | E10: 8 | F10: =G9 -> 184 | G10: =F10+$G$19 -> 188 | J10: 54 | L10: 8 | M10: =N9 -> 70.4 | N10: =M10+$N$19 -> 73.6
C11: 160 | E11: 9 | F11: =G10 -> 188 | G11: =F11+$G$19 -> 192 | J11: 54 | L11: 9 | M11: =N10 -> 73.6 | N11: =M11+$N$19 -> 76.8
C12: 160 | E12: 10 | F12: =G11 -> 192 | G12: =F12+$G$19 -> 196 | J12: 54 | L12: 10 | M12: =N11 -> 76.8 | N12: =M12+$N$19 -> 80
C13: 161 | J13: 55
C14: 161 | J14: 55
C15: 161 | F15: Макс | G15: Мин | J15: 55 | M15: Макс | N15: Мин
C16: 161 | F16: =MAX(C2:C201) -> 196 | G16: =MIN(C2:C201) -> 156 | J16: 55 | M16: =MAX(J:J) -> 80 | N16: =MIN(J:J) -> 48
C17: 161 | E17: Размах выборки | G17: =F16-G16 -> 40 | J17: 55 | L17: Размах выборки | N17: =M16-N16 -> 32
C18: 161 | E18: Кол-во интервалов | G18: 10 | J18: 56 | L18: Кол-во интервалов | N18: 10
C19: 161 | E19: l | F19: = | G19: =G17/G18 -> 4 | J19: 56 | L19: l | M19: = | N19: =N17/N18 -> 3.2
C20: 161 | J20: 56
C21: 161 | J21: 57
C22: 162 | J22: 57
C23: 162 | J23: 57
C24: 162 | J24: 57
C25: 162 | J25: 58
C26: 162 | J26: 58
C27: 163 | J27: 58
C28: 163 | J28: 59
C29: 163 | J29: 59
C30: 163 | J30: 59
C31: 163 | J31: 59
... C201: 196 | J201: 80

Sheet 3
A1: 3) Для первой выборки (рост) построить: | C1: Рост | F1: Интервалы | K1: Выборочная функция распределения
A2: а) гистограмму, б) полигон, в) выборочную функцию распределения. | C2: 156 | E2: i | F2: ai-1 | G2: ai | H2: ni | I2: Ci | J2: Vi | K2: F*(x)
C3: 157 | E3: 1 | F3: =C2 -> 156 | G3: =F3+$G$19 -> 160 | H3: {=FREQUENCY(Рост,G3:G12)} -> 11 | I3: =(F3+G3)/2 -> 158 | J3: =H3/$I$16 -> 0.055 | K3: =J3 -> 0.055
C4: 157 | E4: 2 | F4: =G3 -> 160 | G4: =F4+$G$19 -> 164 | H4: 33 | I4: =(F4+G4)/2 -> 162 | J4: =H4/$I$16 -> 0.165 | K4: =K3+J4 -> 0.22
C5: 157 | E5: 3 | F5: =G4 -> 164 | G5: =F5+$G$19 -> 168 | H5: 47 | I5: =(F5+G5)/2 -> 166 | J5: =H5/$I$16 -> 0.235 | K5: =K4+J5 -> 0.455
C6: 158 | E6: 4 | F6: =G5 -> 168 | G6: =F6+$G$19 -> 172 | H6: 57 | I6: =(F6+G6)/2 -> 170 | J6: =H6/$I$16 -> 0.285 | K6: =K5+J6 -> 0.74
C7: 159 | E7: 5 | F7: =G6 -> 172 | G7: =F7+$G$19 -> 176 | H7: 27 | I7: =(F7+G7)/2 -> 174 | J7: =H7/$I$16 -> 0.135 | K7: =K6+J7 -> 0.875
C8: 159 | E8: 6 | F8: =G7 -> 176 | G8: =F8+$G$19 -> 180 | H8: 19 | I8: =(F8+G8)/2 -> 178 | J8: =H8/$I$16 -> 0.095 | K8: =K7+J8 -> 0.97
C9: 160 | E9: 7 | F9: =G8 -> 180 | G9: =F9+$G$19 -> 184 | H9: 3 | I9: =(F9+G9)/2 -> 182 | J9: =H9/$I$16 -> 0.015 | K9: =K8+J9 -> 0.985
C10: 160 | E10: 8 | F10: =G9 -> 184 | G10: =F10+$G$19 -> 188 | H10: 1 | I10: =(F10+G10)/2 -> 186 | J10: =H10/$I$16 -> 0.005 | K10: =K9+J10 -> 0.99
C11: 160 | E11: 9 | F11: =G10 -> 188 | G11: =F11+$G$19 -> 192 | H11: 1 | I11: =(F11+G11)/2 -> 190 | J11: =H11/$I$16 -> 0.005 | K11: =K10+J11 -> 0.995
C12: 160 | E12: 10 | F12: =G11 -> 192 | G12: =F12+$G$19 -> 196 | H12: 1 | I12: =(F12+G12)/2 -> 194 | J12: =H12/$I$16 -> 0.005 | K12: =K11+J12 -> 1
C13: 161 | H13: 0
C14: 161
C15: 161 | F15: Макс | G15: Мин | I15: Размер выборки
C16: 161 | F16: =MAX(C2:C201) -> 196 | G16: =MIN(C2:C201) -> 156 | I16: 200
C17: 161 | E17: Размах выборки | G17: =F16-G16 -> 40
C18: 161 | E18: Кол-во интервалов | G18: 10
C19: 161 | E19: l | F19: = | G19: =G17/G18 -> 4
C20: 161
C21: 161
C22: 162
C23: 162
C24: 162
C25: 162
C26: 162
C27: 163
C28: 163
C29: 163
C30: 163
C31: 163
... C201: 196

Sheet 4
A1: 4) Для каждой выборки по интервальному вариационному ряду найти: | C1: Рост | F1: Интервалы | L1: Первый момент | M1: Второй момент | S1: Вес | V1: Интервалы | AB1: Первый момент | AC1: Второй момент
A2: а). Выборочное среднее, б). Выборочную дисперсию, | C2: 156 | E2: i | F2: ai-1 | G2: ai | H2: ni | I2: Ci | J2: Vi | K2: F*(x) | L2: ni * Ci | M2: ni * Ci^2 | O2: X_ | P2: Выборочное среднее | Q2: =SUM(L3:L12)/I16 -> 168.86 | S2: 48 | U2: i | V2: ai-1 | W2: ai | X2: ni | Y2: Ci | Z2: Vi | AA2: F*(x) | AB2: ni * Ci | AC2: ni * Ci^2 | AE2: X_ | AF2: Выборочное среднее | AG2: =SUM(AB3:AB12)/$Y$19 -> 64.88
A3: в). Исправленную дисперсию (хотя это и не нужно в данном случае), | C3: 157 | E3: 1 | F3: =C2 -> 156 | G3: =F3+$G$19 -> 160 | H3: {=FREQUENCY(Рост,G3:G12)} -> 11 | I3: =(F3+G3)/2 -> 158 | J3: =H3/$I$16 -> 0.055 | K3: =J3 -> 0.055 | L3: =H3*I3 -> 1738 | M3: =L3*I3 -> 274604 | O3: D* | P3: Выборочная дисперсия | Q3: =SUM(M3:M12)/200 - Q2*Q2 -> 37.5004 | S3: 50 | U3: 1 | V3: =S2 -> 48 | W3: =V3+$W$19 -> 51.2 | X3: {=FREQUENCY(Вес,W3:W12)} -> 5 | Y3: =(V3+W3)/2 -> 49.6 | Z3: =X3/$Y$19 -> 0.025 | AA3: =Z3 -> 0.025 | AB3: =X3*Y3 -> 248 | AC3: =AB3*Y3 -> 12300.8 | AE3: D* | AF3: Выборочная дисперсия | AG3: =SUM(AC3:AC12)/200 - AG2*AG2 -> 42.1312
A4: г). Исправленные выборочные средние квадратические отклонения, д). Моду. | C4: 157 | E4: 2 | F4: =G3 -> 160 | G4: =F4+$G$19 -> 164 | H4: 33 | I4: =(F4+G4)/2 -> 162 | J4: =H4/$I$16 -> 0.165 | K4: =K3+J4 -> 0.22 | L4: =H4*I4 -> 5346 | M4: =L4*I4 -> 866052 | O4: S^2 | P4: Исправленная дисперсия | Q4: =I16/(I16-1) *Q3 -> 37.688844 | S4: 51 | U4: 2 | V4: =W3 -> 51.2 | W4: =V4+$W$19 -> 54.4 | X4: 6 | Y4: =(V4+W4)/2 -> 52.8 | Z4: =X4/$Y$19 -> 0.03 | AA4: =AA3+Z4 -> 0.055 | AB4: =X4*Y4 -> 316.8 | AC4: =AB4*Y4 -> 16727.04 | AE4: S^2 | AF4: Исправленная дисперсия | AG4: =Y19/(Y19-1) *AG3 -> 42.342915
C5: 157 | E5: 3 | F5: =G4 -> 164 | G5: =F5+$G$19 -> 168 | H5: 47 | I5: =(F5+G5)/2 -> 166 | J5: =H5/$I$16 -> 0.235 | K5: =K4+J5 -> 0.455 | L5: =H5*I5 -> 7802 | M5: =L5*I5 -> 1295132 | O5: sigma* | P5: Выборочное среднее отклонение | Q5: =SQRT(Q3) -> 6.123757 | S5: 51 | U5: 3 | V5: =W4 -> 54.4 | W5: =V5+$W$19 -> 57.6 | X5: 12 | Y5: =(V5+W5)/2 -> 56 | Z5: =X5/$Y$19 -> 0.06 | AA5: =AA4+Z5 -> 0.115 | AB5: =X5*Y5 -> 672 | AC5: =AB5*Y5 -> 37632 | AE5: sigma* | AF5: Выборочное среднее отклонение | AG5: =SQRT(AG3) -> 6.4908551
C6: 158 | E6: 4 | F6: =G5 -> 168 | G6: =F6+$G$19 -> 172 | H6: 57 | I6: =(F6+G6)/2 -> 170 | J6: =H6/$I$16 -> 0.285 | K6: =K5+J6 -> 0.74 | L6: =H6*I6 -> 9690 | M6: =L6*I6 -> 1647300 | O6: S | P6: Исправленное среднее квадратичное | Q6: =SQRT(Q4) -> 6.1391241 | S6: 51 | U6: 4 | V6: =W5 -> 57.6 | W6: =V6+$W$19 -> 60.8 | X6: 20 | Y6: =(V6+W6)/2 -> 59.2 | Z6: =X6/$Y$19 -> 0.1 | AA6: =AA5+Z6 -> 0.215 | AB6: =X6*Y6 -> 1184 | AC6: =AB6*Y6 -> 70092.8 | AE6: S | AF6: Исправленное среднее квадратичное | AG6: =SQRT(AG4) -> 6.5071433
A7: Для роста, расчёты правее | C7: 159 | E7: 5 | F7: =G6 -> 172 | G7: =F7+$G$19 -> 176 | H7: 27 | I7: =(F7+G7)/2 -> 174 | J7: =H7/$I$16 -> 0.135 | K7: =K6+J7 -> 0.875 | L7: =H7*I7 -> 4698 | M7: =L7*I7 -> 817452 | P7: Выборочная мода Мо* | Q7: =I6 -> 170 | S7: 52 | U7: 5 | V7: =W6 -> 60.8 | W7: =V7+$W$19 -> 64 | X7: 54 | Y7: =(V7+W7)/2 -> 62.4 | Z7: =X7/$Y$19 -> 0.27 | AA7: =AA6+Z7 -> 0.485 | AB7: =X7*Y7 -> 3369.6 | AC7: =AB7*Y7 -> 210263.04 | AF7: Выборочная мода Мо* | AG7: =Y7 -> 62.4
C8: 159 | E8: 6 | F8: =G7 -> 176 | G8: =F8+$G$19 -> 180 | H8: 19 | I8: =(F8+G8)/2 -> 178 | J8: =H8/$I$16 -> 0.095 | K8: =K7+J8 -> 0.97 | L8: =H8*I8 -> 3382 | M8: =L8*I8 -> 601996 | S8: 53 | U8: 6 | V8: =W7 -> 64 | W8: =V8+$W$19 -> 67.2 | X8: 44 | Y8: =(V8+W8)/2 -> 65.6 | Z8: =X8/$Y$19 -> 0.22 | AA8: =AA7+Z8 -> 0.705 | AB8: =X8*Y8 -> 2886.4 | AC8: =AB8*Y8 -> 189347.84
C9: 160 | E9: 7 | F9: =G8 -> 180 | G9: =F9+$G$19 -> 184 | H9: 3 | I9: =(F9+G9)/2 -> 182 | J9: =H9/$I$16 -> 0.015 | K9: =K8+J9 -> 0.985 | L9: =H9*I9 -> 546 | M9: =L9*I9 -> 99372 | S9: 53 | U9: 7 | V9: =W8 -> 67.2 | W9: =V9+$W$19 -> 70.4 | X9: 17 | Y9: =(V9+W9)/2 -> 68.8 | Z9: =X9/$Y$19 -> 0.085 | AA9: =AA8+Z9 -> 0.79 | AB9: =X9*Y9 -> 1169.6 | AC9: =AB9*Y9 -> 80468.48
C10: 160 | E10: 8 | F10: =G9 -> 184 | G10: =F10+$G$19 -> 188 | H10: 1 | I10: =(F10+G10)/2 -> 186 | J10: =H10/$I$16 -> 0.005 | K10: =K9+J10 -> 0.99 | L10: =H10*I10 -> 186 | M10: =L10*I10 -> 34596 | S10: 54 | U10: 8 | V10: =W9 -> 70.4 | W10: =V10+$W$19 -> 73.6 | X10: 19 | Y10: =(V10+W10)/2 -> 72 | Z10: =X10/$Y$19 -> 0.095 | AA10: =AA9+Z10 -> 0.885 | AB10: =X10*Y10 -> 1368 | AC10: =AB10*Y10 -> 98496
C11: 160 | E11: 9 | F11: =G10 -> 188 | G11: =F11+$G$19 -> 192 | H11: 1 | I11: =(F11+G11)/2 -> 190 | J11: =H11/$I$16 -> 0.005 | K11: =K10+J11 -> 0.995 | L11: =H11*I11 -> 190 | M11: =L11*I11 -> 36100 | S11: 54 | U11: 9 | V11: =W10 -> 73.6 | W11: =V11+$W$19 -> 76.8 | X11: 13 | Y11: =(V11+W11)/2 -> 75.2 | Z11: =X11/$Y$19 -> 0.065 | AA11: =AA10+Z11 -> 0.95 | AB11: =X11*Y11 -> 977.6 | AC11: =AB11*Y11 -> 73515.52
C12: 160 | E12: 10 | F12: =G11 -> 192 | G12: =F12+$G$19 -> 196 | H12: 1 | I12: =(F12+G12)/2 -> 194 | J12: =H12/$I$16 -> 0.005 | K12: =K11+J12 -> 1 | L12: =H12*I12 -> 194 | M12: =L12*I12 -> 37636 | S12: 54 | U12: 10 | V12: =W11 -> 76.8 | W12: =V12+$W$19 -> 80 | X12: 10 | Y12: =(V12+W12)/2 -> 78.4 | Z12: =X12/$Y$19 -> 0.05 | AA12: =AA11+Z12 -> 1 | AB12: =X12*Y12 -> 784 | AC12: =AB12*Y12 -> 61465.6
C13: 161 | H13: 0 | S13: 55 | X13: 0
C14: 161 | S14: 55
C15: 161 | F15: Макс | G15: Мин | I15: Размер выборки | S15: 55 | V15: Макс | W15: Мин
C16: 161 | F16: =MAX(C2:C201) -> 196 | G16: =MIN(C2:C201) -> 156 | I16: 200 | S16: 55 | V16: =MAX(S:S) -> 80 | W16: =MIN(S:S) -> 48
C17: 161 | E17: Размах выборки | G17: =F16-G16 -> 40 | S17: 55 | U17: Размах выборки | W17: =V16-W16 -> 32
C18: 161 | E18: Кол-во интервалов | G18: 10 | S18: 56 | U18: Кол-во интервалов | W18: 10 | Y18: Размер выборки
A19: Для веса | C19: 161 | E19: l | F19: = | G19: =G17/G18 -> 4 | S19: 56 | U19: l | V19: = | W19: =W17/W18 -> 3.2 | Y19: 200
C20: 161 | S20: 56
C21: 161 | S21: 57
C22: 162 | S22: 57
C23: 162 | S23: 57
C24: 162 | S24: 57
C25: 162 | S25: 58
C26: 162 | S26: 58
C27: 163 | S27: 58
C28: 163 | S28: 59
C29: 163 | S29: 59
C30: 163 | S30: 59
C31: 163 | S31: 59
... C201: 196 | S201: 80

Sheet 5
A1: 5) Найти точечные оценки из предыдущего пункта (кроме моды) | C1: Рост | I1: Вес
A2: и медиану, применив встроенные функции EXEL к исходным данным. | C2: 156 | E2: X_ | F2: Выборочное среднее | G2: =AVERAGE(Рост) -> 169.38 | I2: 48 | K2: X_ | L2: Выборочное среднее | M2: =AVERAGE(Вес) -> 65.105
C3: 157 | E3: D* | F3: Выборочная дисперсия | G3: =_xlfn.VAR.P(Рост) -> 38.5356 | I3: 50 | K3: D* | L3: Выборочная дисперсия | M3: =_xlfn.VAR.P(Вес) -> 41.893975
A4: Для роста | C4: 157 | E4: S^2 | F4: Исправленная дисперсия | G4: =_xlfn.VAR.S(Рост) -> 38.729246 | I4: 51 | K4: S^2 | L4: Исправленная дисперсия | M4: =_xlfn.VAR.S(Вес) -> 42.104497
C5: 157 | E5: sigma* | F5: Выборочное среднее отклонение | G5: =_xlfn.STDEV.P(Рост) -> 6.2077049 | I5: 51 | K5: sigma* | L5: Выборочное среднее отклонение | M5: =_xlfn.STDEV.P(Вес) -> 6.4725555
C6: 158 | E6: S | F6: Исправленное среднее квадратичное | G6: =_xlfn.STDEV.S(Рост) -> 6.2232826 | I6: 51 | K6: S | L6: Исправленное среднее квадратичное | M6: =_xlfn.STDEV.S(Вес) -> 6.4887978
C7: 159 | F7: Ме* | G7: =MEDIAN(Рост) -> 169 | I7: 52 | L7: Ме* | M7: =MEDIAN(Вес) -> 65
C8: 159 | I8: 53
C9: 160 | I9: 53
C10: 160 | I10: 54
C11: 160 | I11: 54
C12: 160 | I12: 54
C13: 161 | I13: 55
A14: Для веса | C14: 161 | I14: 55
C15: 161 | I15: 55
C16: 161 | I16: 55
C17: 161 | I17: 55
C18: 161 | I18: 56
C19: 161 | I19: 56
C20: 161 | I20: 56
C21: 161 | I21: 57
C22: 162 | I22: 57
C23: 162 | I23: 57
C24: 162 | I24: 57
C25: 162 | I25: 58
C26: 162 | I26: 58
... C201: 196 | I201: 80

Sheet 6
A1: 6) Найти интервальные оценки надежности 0,95 параметров роста,
A2: считая его нормальной случайной величиной:
A4: а) Доверительный интервал параметра “а”, считая известным параметр | C4: Пункт а) | D4: =C21-B16*6/SQRT(B15) -> 168.54846 | E4: < a < | F4: =C21 + B16 * 6/SQRT(B15) -> 170.21154
A5: б) Доверительный интервал параметра “а”, считая неизвестным параметр
A6: в) Доверительный интервал параметра , считая неизвестным параметр | C6: Пункт б) | D6: =C21 - B17 *C25/SQRT(B15) -> 168.51224 | E6: < a < | F6: =C21 + B17 * C25/SQRT(B15) -> 170.24776
A7: г). Доверительный интервал параметра , считая известным параметр
A8: При этом используем точечные оценки, полученные по интервальному ряду! | C8: Пункт г) | D8: =(B15-1)*C25*C25/B19 -> 32.118396 | E8: < sigma^2 < | F8: =(B15-1)*C25*C25/B18 -> 47.625915
D9: =SQRT(D8) -> 5.6673094 | E9: < sigma < | F9: =SQRT(F8) -> 6.9011532
C11: Пункт д) | D11: =B15*(C22 + (C21 - 170)^2)/B27 -> 32.290998 | E11: < sigma^2 < | F11: =B15*(C22 + (C21 - 170)^2)/B26 -> 47.834428
D12: =SQRT(D11) -> 5.6825169 | E12: < sigma < | F12: =SQRT(F11) -> 6.9162438
A15: Объём выборки | B15: 200
A16: Квантиль ст.норм.распред | B16: =_xlfn.NORM.S.INV((1+0.95)/2) -> 1.959964
A17: Квантиль стьюдента | B17: =_xlfn.T.INV((1+0.95)/2,199) -> 1.9719565
A18: Квантиль хи, меньшее, n - 1 степеней свободы | B18: =_xlfn.CHISQ.INV((1 - 0.95)/2,199) -> 161.82618
A19: Квантиль хи, большее, n - 1 степеней свободы | B19: =_xlfn.CHISQ.INV((1 + 0.95)/2,199) -> 239.95968
A21: X_ | B21: Выборочное среднее | C21: =AVERAGE(Рост) -> 169.38
A22: D* | B22: Выборочная дисперсия | C22: =_xlfn.VAR.P(Рост) -> 38.5356
A23: S^2 | B23: Исправленная дисперсия | C23: =_xlfn.VAR.S(Рост) -> 38.729246
A24: sigma* | B24: Выборочное среднее отклонение | C24: =_xlfn.STDEV.P(Рост) -> 6.2077049
A25: S | B25: Исправленное среднее квадратичное | C25: =_xlfn.STDEV.S(Рост) -> 6.2232826
A26: Квантиль хи, меньшее, n степенй свободы | B26: =_xlfn.CHISQ.INV((1 - 0.95)/2,200) -> 162.72798
A27: Квантиль хи, большее, n степеней свободы | B27: =_xlfn.CHISQ.INV((1 + 0.95)/2,200) -> 241.0579

Sheet 7
A1: 7) Проверить гипотезу о нормальном
A2: распределении роста при уровне значимости 0,05.
A3: При этом используем точечные оценки,
A4: полученные по интервальному ряду!
P5: =50*O7 -> 3.724085
C6: i | D6: ai-1 | E6: ai | F6: ni | I6: i | J6: ai-1 | K6: ai | L6: ni | M6: (ai - x_)/S | N6: F0(ai - x_)/S | O6: pi | P6: n'i = n * pi | Q6: (ni - n'i)^2/n'i
A7: Объединим последние интервалы 7, 8, 9, 10 для получения значений >= 5 | C7: 1 | D7: 156 | E7: 160 | F7: 11 | I7: 1 | J7: {-inf} | K7: 160 | L7: 11 | M7: {-inf} | N7: 0 | O7: =N8-N7 -> 0.074481699 | P7: =200*O7 -> 14.89634 | Q7: =(L7-P7)^2/P7 -> 1.0191406
C8: 2 | D8: 160 | E8: 164 | F8: 33 | I8: 2 | J8: 160 | K8: 164 | L8: 33 | M8: =(J8 - $J$16)/$J$17 -> -1.4432026 | N8: =_xlfn.NORM.S.DIST(M8,1) -> 0.074481699 | O8: =N9-N8 -> 0.13980248 | P8: =200*O8 -> 27.960495 | Q8: =(L8-P8)^2/P8 -> 0.90830316
A9: Так как наблюдаемое значение < теоретического, то гипотеза о нормальном | C9: 3 | D9: 164 | E9: 168 | F9: 47 | I9: 3 | J9: 164 | K9: 168 | L9: 47 | M9: =(J9 - $J$16)/$J$17 -> -0.79164388 | N9: =_xlfn.NORM.S.DIST(M9,1) -> 0.21428418 | O9: =N10-N9 -> 0.23001219 | P9: =200*O9 -> 46.002438 | Q9: =(L9-P9)^2/P9 -> 0.021632132
A10: распределении не отвергается | C10: 4 | D10: 168 | E10: 172 | F10: 57 | I10: 4 | J10: 168 | K10: 172 | L10: 57 | M10: =(J10 - $J$16)/$J$17 -> -0.14008513 | N10: =_xlfn.NORM.S.DIST(M10,1) -> 0.44429636 | O10: =N11-N10 -> 0.25119391 | P10: =200*O10 -> 50.238782 | Q10: =(L10-P10)^2/P10 -> 0.90993599
C11: 5 | D11: 172 | E11: 176 | F11: 27 | I11: 5 | J11: 172 | K11: 176 | L11: 27 | M11: =(J11 - $J$16)/$J$17 -> 0.51147362 | N11: =_xlfn.NORM.S.DIST(M11,1) -> 0.69549027 | O11: =N12-N11 -> 0.18210154 | P11: =200*O11 -> 36.420309 | Q11: =(L11-P11)^2/P11 -> 2.4366135
C12: 6 | D12: 176 | E12: 180 | F12: 19 | I12: 6 | J12: 176 | K12: 180 | L12: 19 | M12: =(J12 - $J$16)/$J$17 -> 1.1630324 | N12: =_xlfn.NORM.S.DIST(M12,1) -> 0.87759182 | O12: =N13-N12 -> 0.087614801 | P12: =200*O12 -> 17.52296 | Q12: =(L12-P12)^2/P12 -> 0.12450218
C13: 7 | D13: 180 | E13: 184 | F13: 3 | I13: 7 | J13: 180 | K13: {+inf} | L13: =6 -> 6 | M13: =(J13 - $J$16)/$J$17 -> 1.8145911 | N13: =_xlfn.NORM.S.DIST(M13,1) -> 0.96520662 | O13: =N14-N13 -> 0.034793384 | P13: =200*O13 -> 6.9586768 | Q13: =(L13-P13)^2/P13 -> 0.13207414
C14: 8 | D14: 184 | E14: 188 | F14: 1 | M14: {+inf} | N14: 1 | Q14: =SUM(Q7:Q13) -> 5.5522017
C15: 9 | D15: 188 | E15: 192 | F15: 1
C16: 10 | D16: 192 | E16: 196 | F16: 1 | I16: x_ | J16: ='4'!Q2 -> 168.86 | N16: Наблюдаемое | P16: Теоретическое
I17: S | J17: ='4'!Q6 -> 6.1391241 | N17: =Q14 -> 5.5522017 | O17: < | P17: =J20 -> 9.487729 | Q17: квантиль хи-квадрат
I19: Степень свободы | J19: 4
I20: Критическая точка | J20: =_xlfn.CHISQ.INV.RT(0.05,4) -> 9.487729
I21: Квантиль хи-квадрат

Sheet 8
A1: 8) Разбить исходную выборку роста (не отсортированную!) | C1: № | D1: Рост
A2: на две одинакового объема (с 1 по 100 номер и с 101 по 200). | C2: 1 | D2: 165 | F2: 101 | G2: 167 | I2: S1 | J2: =_xlfn.VAR.S(D2:D101) -> 45.634242
A3: Проверить гипотезу об однородности данных выборок. | C3: 2 | D3: 162 | F3: 102 | G3: 174 | I3: S2 | J3: =_xlfn.VAR.S(G2:G101) -> 32.108586
A4: При этом считаем распределение роста нормальным. | C4: 3 | D4: 171 | F4: 103 | G4: 175 | K4: Критерий Фишера
C5: 4 | D5: 172 | F5: 104 | G5: 167 | I5: Ср.знач | J5: =AVERAGE(D2:D101) -> 169.61 | K5: =J5/J6 -> 1.0027195 | L5: К
A6: Уровень значимости 0,05 | C6: 5 | D6: 171 | F6: 105 | G6: 180 | I6: Ср.знач | J6: =AVERAGE(G2:G101) -> 169.15 | K6: =_xlfn.F.INV.RT(0.05,100-1,100-1) -> 1.3940613 | L6: t_alpha
C7: 6 | D7: 166 | F7: 106 | G7: 166
A8: С гипотезой об однородности можно согласиться | C8: 7 | D8: 164 | F8: 107 | G8: 176 | K8: Критерий Стьюдента
C9: 8 | D9: 164 | F9: 108 | G9: 174 | K9: =SQRT(100*1000/(100+100))*(J5-J6)/SQRT((99*J2+(99)*J3)/(100+100-1)) -> 1.6539471 | L9: K
C10: 9 | D10: 169 | F10: 109 | G10: 169 | K10: =_xlfn.T.INV.2T(0.05,100+100 - 2) -> 1.9720175 | L10: t_alpha
C11: 10 | D11: 169 | F11: 110 | G11: 177
C12: 11 | D12: 163 | F12: 111 | G12: 167
C13: 12 | D13: 173 | F13: 112 | G13: 170
C14: 13 | D14: 176 | F14: 113 | G14: 158
C15: 14 | D15: 168 | F15: 114 | G15: 171
C16: 15 | D16: 169 | F16: 115 | G16: 176
C17: 16 | D17: 168 | F17: 116 | G17: 172
C18: 17 | D18: 166 | F18: 117 | G18: 165
C19: 18 | D19: 178 | F19: 118 | G19: 178
C20: 19 | D20: 165 | F20: 119 | G20: 157
C21: 20 | D21: 164 | F21: 120 | G21: 169
C22: 21 | D22: 161 | F22: 121 | G22: 169
... C101: 100 | D101: 173 | F101: 200 | G101: 165

Sheet 9
A1: 9) Изобразить корреляционное облако. | C1: 165 | D1: 67
C2: 162 | D2: 60
C3: 171 | D3: 60
C4: 172 | D4: 72
A5: По виду корреляционного облака | C5: 171 | D5: 65
A6: можно предположить прямую корреляцию | C6: 166 | D6: 62
A7: веса от роста | C7: 164 | D7: 56
C8: 164 | D8: 63
C9: 169 | D9: 65
C10: 169 | D10: 75
C11: 163 | D11: 54
C12: 173 | D12: 75
C13: 176 | D13: 67
C14: 168 | D14: 55
C15: 169 | D15: 66
C16: 168 | D16: 67
C17: 166 | D17: 64
C18: 178 | D18: 80
C19: 165 | D19: 62
... C200: 165 | D200: 63

Sheet 10
A1: 10) Составить корреляционную таблицу веса и роста.
A2: Найти условные средние и сделать вывод о связи этих величин. | D2: Рост\Вес | F2: {=TRANSPOSE('4'!V3:W12)} -> 48 | G2: 51.2 | H2: 54.4 | I2: 57.6 | J2: 60.8 | K2: 64 | L2: 67.2 | M2: 70.4 | N2: 73.6 | O2: 76.8 | P2: n_x
F3: 51.2 | G3: 54.4 | H3: 57.6 | I3: 60.8 | J3: 64 | K3: 67.2 | L3: 70.4 | M3: 73.6 | N3: 76.8 | O3: 80
D4: 156 | E4: 160 | F4: 2 | G4: 2 | H4: 1 | I4: 3 | J4: 3 | K4: 0 | L4: 0 | M4: 0 | N4: 0 | O4: 0 | P4: =SUM(F4:O4) -> 11
D5: 160 | E5: 164 | F5: 2 | G5: 4 | H5: 5 | I5: 8 | J5: 10 | K5: 1 | L5: 2 | M5: 1 | N5: 0 | O5: 0 | P5: =SUM(F5:O5) -> 33
D6: 164 | E6: 168 | F6: 1 | G6: 0 | H6: 6 | I6: 4 | J6: 20 | K6: 8 | L6: 2 | M6: 3 | N6: 2 | O6: 1 | P6: =SUM(F6:O6) -> 47
D7: 168 | E7: 172 | F7: 0 | G7: 0 | H7: 0 | I7: 3 | J7: 15 | K7: 21 | L7: 7 | M7: 5 | N7: 5 | O7: 1 | P7: =SUM(F7:O7) -> 57
D8: 172 | E8: 176 | F8: 0 | G8: 0 | H8: 0 | I8: 1 | J8: 5 | K8: 8 | L8: 3 | M8: 4 | N8: 3 | O8: 3 | P8: =SUM(F8:O8) -> 27
D9: 176 | E9: 180 | F9: 0 | G9: 0 | H9: 0 | I9: 0 | J9: 1 | K9: 5 | L9: 2 | M9: 5 | N9: 2 | O9: 4 | P9: =SUM(F9:O9) -> 19
D10: 180 | E10: 184 | F10: 0 | G10: 0 | H10: 0 | I10: 0 | J10: 0 | K10: 1 | L10: 1 | M10: 0 | N10: 1 | O10: 0 | P10: =SUM(F10:O10) -> 3
A11: Вывод: | D11: 184 | E11: 188 | F11: 0 | G11: 0 | H11: 0 | I11: 0 | J11: 0 | K11: 0 | L11: 0 | M11: 1 | N11: 0 | O11: 0 | P11: =SUM(F11:O11) -> 1
A12: Условные средние возрастают, основная масса чисел расположена | D12: 188 | E12: 192 | F12: 0 | G12: 0 | H12: 0 | I12: 0 | J12: 0 | K12: 0 | L12: 0 | M12: 0 | N12: 0 | O12: 1 | P12: =SUM(F12:O12) -> 1
A13: на главной диагоналии - можем наблюдать прямую корреляцию | D13: 192 | E13: 196 | F13: 0 | G13: 0 | H13: 0 | I13: 1 | J13: 0 | K13: 0 | L13: 0 | M13: 0 | N13: 0 | O13: 0 | P13: =SUM(F13:O13) -> 1
D14: n_y | F14: =SUM(F4:F13) -> 5 | G14: =SUM(G4:G13) -> 6 | H14: =SUM(H4:H13) -> 12 | I14: =SUM(I4:I13) -> 20 | J14: =SUM(J4:J13) -> 54 | K14: =SUM(K4:K13) -> 44 | L14: =SUM(L4:L13) -> 17 | M14: =SUM(M4:M13) -> 19 | ... O14: =SUM(O4:O13) -> 10
E16: Рост\Вес | F16: =AVERAGE(F2:F3) -> 49.6 | G16: =AVERAGE(G2:G3) -> 52.8 | H16: =AVERAGE(H2:H3) -> 56 | I16: =AVERAGE(I2:I3) -> 59.2 | J16: =AVERAGE(J2:J3) -> 62.4 | K16: =AVERAGE(K2:K3) -> 65.6 | L16: =AVERAGE(L2:L3) -> 68.8 | M16: =AVERAGE(M2:M3) -> 72 | ... O16: =AVERAGE(O2:O3) -> 78.4 | P16: n_x | Q16: y_x
E17: =AVERAGE(D4:E4) -> 158 | F17: 2 | G17: 2 | H17: 1 | I17: 3 | J17: 3 | K17: 0 | L17: 0 | M17: 0 | N17: 0 | O17: 0 | P17: =SUM(F17:O17) -> 11 | Q17: =SUMPRODUCT(F17:O17,$F$16:$O$16)*1/P17 -> 56.872727
E18: =AVERAGE(D5:E5) -> 162 | F18: 2 | G18: 4 | H18: 5 | I18: 8 | J18: 10 | K18: 1 | L18: 2 | M18: 1 | N18: 0 | O18: 0 | P18: =SUM(F18:O18) -> 33 | Q18: =SUMPRODUCT(F18:O18,$F$16:$O$16)*1/P18 -> 59.490909
E19: =AVERAGE(D6:E6) -> 166 | F19: 1 | G19: 0 | H19: 6 | I19: 4 | J19: 20 | K19: 8 | L19: 2 | M19: 3 | N19: 2 | O19: 1 | P19: =SUM(F19:O19) -> 47 | Q19: =SUMPRODUCT(F19:O19,$F$16:$O$16)*1/P19 -> 63.353191
E20: =AVERAGE(D7:E7) -> 170 | F20: 0 | G20: 0 | H20: 0 | I20: 3 | J20: 15 | K20: 21 | L20: 7 | M20: 5 | N20: 5 | O20: 1 | P20: =SUM(F20:O20) -> 57 | Q20: =SUMPRODUCT(F20:O20,$F$16:$O$16)*1/P20 -> 66.442105
E21: =AVERAGE(D8:E8) -> 174 | F21: 0 | G21: 0 | H21: 0 | I21: 1 | J21: 5 | K21: 8 | L21: 3 | M21: 4 | N21: 3 | O21: 3 | P21: =SUM(F21:O21) -> 27 | Q21: =SUMPRODUCT(F21:O21,$F$16:$O$16)*1/P21 -> 68.562963
E22: =AVERAGE(D9:E9) -> 178 | F22: 0 | G22: 0 | H22: 0 | I22: 0 | J22: 1 | K22: 5 | L22: 2 | M22: 5 | N22: 2 | O22: 4 | P22: =SUM(F22:O22) -> 19 | Q22: =SUMPRODUCT(F22:O22,$F$16:$O$16)*1/P22 -> 71.157895
E23: =AVERAGE(D10:E10) -> 182 | F23: 0 | G23: 0 | H23: 0 | I23: 0 | J23: 0 | K23: 1 | L23: 1 | M23: 0 | N23: 1 | O23: 0 | P23: =SUM(F23:O23) -> 3 | Q23: =SUMPRODUCT(F23:O23,$F$16:$O$16)*1/P23 -> 69.866667
E24: =AVERAGE(D11:E11) -> 186 | F24: 0 | G24: 0 | H24: 0 | I24: 0 | J24: 0 | K24: 0 | L24: 0 | M24: 1 | N24: 0 | O24: 0 | P24: =SUM(F24:O24) -> 1 | Q24: =SUMPRODUCT(F24:O24,$F$16:$O$16)*1/P24 -> 72
E25: =AVERAGE(D12:E12) -> 190 | F25: 0 | G25: 0 | H25: 0 | I25: 0 | J25: 0 | K25: 0 | L25: 0 | M25: 0 | N25: 0 | O25: 1 | P25: =SUM(F25:O25) -> 1 | Q25: =SUMPRODUCT(F25:O25,$F$16:$O$16)*1/P25 -> 78.4
E26: =AVERAGE(D13:E13) -> 194 | F26: 0 | G26: 0 | H26: 0 | I26: 1 | J26: 0 | K26: 0 | L26: 0 | M26: 0 | N26: 0 | O26: 0 | P26: =SUM(F26:O26) -> 1 | Q26: =SUMPRODUCT(F26:O26,$F$16:$O$16)*1/P26 -> 59.2

Sheet 11
A1: 11) Найти внутригрупповую и межгрупповую дисперсии.
A2: Проверить теорему о разложении дисперсии.
C3: Рост\Вес | E3: {=TRANSPOSE('4'!V3:V12)} -> 48 | F3: 51.2 | G3: 54.4 | H3: 57.6 | I3: 60.8 | J3: 64 | K3: 67.2 | L3: 70.4 | M3: 73.6 | N3: 76.8 | O3: n_x
E4: {=TRANSPOSE('4'!W3:W12)} -> 51.2 | F4: 54.4 | G4: 57.6 | H4: 60.8 | I4: 64 | J4: 67.2 | K4: 70.4 | L4: 73.6 | M4: 76.8 | N4: 80
C5: ='3'!$F$3 -> 156 | D5: ='3'!$G$3 -> 160 | E5: =COUNTIFS(Вес, ">="&E$3, Вес, "<="&E$4, Рост, ">="&$C5, Рост, "<="&$D5) -> 2 | F5: =COUNTIFS(Вес, ">="&F$3, Вес, "<="&F$4, Рост, ">="&$C5, Рост, "<="&$D5) -> 2 | G5: =COUNTIFS(Вес, ">="&G$3, Вес, "<="&G$4, Рост, ">="&$C5, Рост, "<="&$D5) -> 1 | H5: =COUNTIFS(Вес, ">="&H$3, Вес, "<="&H$4, Рост, ">="&$C5, Рост, "<="&$D5) -> 3 | I5: =COUNTIFS(Вес, ">="&I$3, Вес, "<="&I$4, Рост, ">="&$C5, Рост, "<="&$D5) -> 3 | J5: =COUNTIFS(Вес, ">="&J$3, Вес, "<="&J$4, Рост, ">="&$C5, Рост, "<="&$D5) -> 0 | K5: =COUNTIFS(Вес, ">="&K$3, Вес, "<="&K$4, Рост, ">="&$C5, Рост, "<="&$D5) -> 0 | L5: =COUNTIFS(Вес, ">="&L$3, Вес, "<="&L$4, Рост, ">="&$C5, Рост, "<="&$D5) -> 0 | ... N5: =COUNTIFS(Вес, ">="&N$3, Вес, "<="&N$4, Рост, ">="&$C5, Рост, "<="&$D5) -> 0 | O5: =SUM(E5:N5) -> 11
C6: {='3'!F4:F12} -> 160 | D6: {='3'!G4:G12} -> 164 | E6: =COUNTIFS(Вес, ">="&E$3, Вес, "<="&E$4, Рост, ">"&$C6, Рост, "<="&$D6) -> 2 | F6: =COUNTIFS(Вес, ">"&F$3, Вес, "<="&F$4, Рост, ">"&$C6, Рост, "<="&$D6) -> 4 | G6: =COUNTIFS(Вес, ">"&G$3, Вес, "<="&G$4, Рост, ">"&$C6, Рост, "<="&$D6) -> 5 | H6: =COUNTIFS(Вес, ">"&H$3, Вес, "<="&H$4, Рост, ">"&$C6, Рост, "<="&$D6) -> 8 | I6: =COUNTIFS(Вес, ">"&I$3, Вес, "<="&I$4, Рост, ">"&$C6, Рост, "<="&$D6) -> 10 | J6: =COUNTIFS(Вес, ">"&J$3, Вес, "<="&J$4, Рост, ">"&$C6, Рост, "<="&$D6) -> 1 | K6: =COUNTIFS(Вес, ">"&K$3, Вес, "<="&K$4, Рост, ">"&$C6, Рост, "<="&$D6) -> 2 | L6: =COUNTIFS(Вес, ">"&L$3, Вес, "<="&L$4, Рост, ">"&$C6, Рост, "<="&$D6) -> 1 | M6: =COUNTIFS(Вес, ">"&M$3, Вес, "<="&M$4, Рост, ">"&$C6, Рост, "<="&$D6) -> 0 | N6: =COUNTIFS(Вес, ">"&N$3, Вес, "<="&N$4, Рост, ">"&$C6, Рост, "<="&$D6) -> 0 | O6: =SUM(E6:N6) -> 33
C7: 164 | D7: 168 | E7: =COUNTIFS(Вес, ">="&E$3, Вес, "<="&E$4, Рост, ">"&$C7, Рост, "<="&$D7) -> 1 | F7: =COUNTIFS(Вес, ">"&F$3, Вес, "<="&F$4, Рост, ">"&$C7, Рост, "<="&$D7) -> 0 | G7: =COUNTIFS(Вес, ">"&G$3, Вес, "<="&G$4, Рост, ">"&$C7, Рост, "<="&$D7) -> 6 | H7: =COUNTIFS(Вес, ">"&H$3, Вес, "<="&H$4, Рост, ">"&$C7, Рост, "<="&$D7) -> 4 | I7: =COUNTIFS(Вес, ">"&I$3, Вес, "<="&I$4, Рост, ">"&$C7, Рост, "<="&$D7) -> 20 | J7: =COUNTIFS(Вес, ">"&J$3, Вес, "<="&J$4, Рост, ">"&$C7, Рост, "<="&$D7) -> 8 | K7: =COUNTIFS(Вес, ">"&K$3, Вес, "<="&K$4, Рост, ">"&$C7, Рост, "<="&$D7) -> 2 | L7: =COUNTIFS(Вес, ">"&L$3, Вес, "<="&L$4, Рост, ">"&$C7, Рост, "<="&$D7) -> 3 | M7: =COUNTIFS(Вес, ">"&M$3, Вес, "<="&M$4, Рост, ">"&$C7, Рост, "<="&$D7) -> 2 | N7: =COUNTIFS(Вес, ">"&N$3, Вес, "<="&N$4, Рост, ">"&$C7, Рост, "<="&$D7) -> 1 | O7: =SUM(E7:N7) -> 47
C8: 168 | D8: 172 | E8: =COUNTIFS(Вес, ">="&E$3, Вес, "<="&E$4, Рост, ">"&$C8, Рост, "<="&$D8) -> 0 | F8: =COUNTIFS(Вес, ">"&F$3, Вес, "<="&F$4, Рост, ">"&$C8, Рост, "<="&$D8) -> 0 | G8: =COUNTIFS(Вес, ">"&G$3, Вес, "<="&G$4, Рост, ">"&$C8, Рост, "<="&$D8) -> 0 | H8: =COUNTIFS(Вес, ">"&H$3, Вес, "<="&H$4, Рост, ">"&$C8, Рост, "<="&$D8) -> 3 | I8: =COUNTIFS(Вес, ">"&I$3, Вес, "<="&I$4, Рост, ">"&$C8, Рост, "<="&$D8) -> 15 | J8: =COUNTIFS(Вес, ">"&J$3, Вес, "<="&J$4, Рост, ">"&$C8, Рост, "<="&$D8) -> 21 | K8: =COUNTIFS(Вес, ">"&K$3, Вес, "<="&K$4, Рост, ">"&$C8, Рост, "<="&$D8) -> 7 | L8: =COUNTIFS(Вес, ">"&L$3, Вес, "<="&L$4, Рост, ">"&$C8, Рост, "<="&$D8) -> 5 | M8: =COUNTIFS(Вес, ">"&M$3, Вес, "<="&M$4, Рост, ">"&$C8, Рост, "<="&$D8) -> 5 | N8: =COUNTIFS(Вес, ">"&N$3, Вес, "<="&N$4, Рост, ">"&$C8, Рост, "<="&$D8) -> 1 | O8: =SUM(E8:N8) -> 57
A9: По расчётам получаем: | C9: 172 | D9: 176 | E9: =COUNTIFS(Вес, ">="&E$3, Вес, "<="&E$4, Рост, ">"&$C9, Рост, "<="&$D9) -> 0 | F9: =COUNTIFS(Вес, ">"&F$3, Вес, "<="&F$4, Рост, ">"&$C9, Рост, "<="&$D9) -> 0 | G9: =COUNTIFS(Вес, ">"&G$3, Вес, "<="&G$4, Рост, ">"&$C9, Рост, "<="&$D9) -> 0 | H9: =COUNTIFS(Вес, ">"&H$3, Вес, "<="&H$4, Рост, ">"&$C9, Рост, "<="&$D9) -> 1 | I9: =COUNTIFS(Вес, ">"&I$3, Вес, "<="&I$4, Рост, ">"&$C9, Рост, "<="&$D9) -> 5 | J9: =COUNTIFS(Вес, ">"&J$3, Вес, "<="&J$4, Рост, ">"&$C9, Рост, "<="&$D9) -> 8 | K9: =COUNTIFS(Вес, ">"&K$3, Вес, "<="&K$4, Рост, ">"&$C9, Рост, "<="&$D9) -> 3 | L9: =COUNTIFS(Вес, ">"&L$3, Вес, "<="&L$4, Рост, ">"&$C9, Рост, "<="&$D9) -> 4 | M9: =COUNTIFS(Вес, ">"&M$3, Вес, "<="&M$4, Рост, ">"&$C9, Рост, "<="&$D9) -> 3 | N9: =COUNTIFS(Вес, ">"&N$3, Вес, "<="&N$4, Рост, ">"&$C9, Рост, "<="&$D9) -> 3 | O9: =SUM(E9:N9) -> 27
A10: Межгрупповая дисперсия равняется 16,83869 | C10: 176 | D10: 180 | E10: =COUNTIFS(Вес, ">="&E$3, Вес, "<="&E$4, Рост, ">"&$C10, Рост, "<="&$D10) -> 0 | F10: =COUNTIFS(Вес, ">"&F$3, Вес, "<="&F$4, Рост, ">"&$C10, Рост, "<="&$D10) -> 0 | G10: =COUNTIFS(Вес, ">"&G$3, Вес, "<="&G$4, Рост, ">"&$C10, Рост, "<="&$D10) -> 0 | H10: =COUNTIFS(Вес, ">"&H$3, Вес, "<="&H$4, Рост, ">"&$C10, Рост, "<="&$D10) -> 0 | I10: =COUNTIFS(Вес, ">"&I$3, Вес, "<="&I$4, Рост, ">"&$C10, Рост, "<="&$D10) -> 1 | J10: =COUNTIFS(Вес, ">"&J$3, Вес, "<="&J$4, Рост, ">"&$C10, Рост, "<="&$D10) -> 5 | K10: =COUNTIFS(Вес, ">"&K$3, Вес, "<="&K$4, Рост, ">"&$C10, Рост, "<="&$D10) -> 2 | L10: =COUNTIFS(Вес, ">"&L$3, Вес, "<="&L$4, Рост, ">"&$C10, Рост, "<="&$D10) -> 5 | M10: =COUNTIFS(Вес, ">"&M$3, Вес, "<="&M$4, Рост, ">"&$C10, Рост, "<="&$D10) -> 2 | N10: =COUNTIFS(Вес, ">"&N$3, Вес, "<="&N$4, Рост, ">"&$C10, Рост, "<="&$D10) -> 4 | O10: =SUM(E10:N10) -> 19
A11: Внутригрупповая дисперсия равняется 25,29251 | C11: 180 | D11: 184 | E11: =COUNTIFS(Вес, ">="&E$3, Вес, "<="&E$4, Рост, ">"&$C11, Рост, "<="&$D11) -> 0 | F11: =COUNTIFS(Вес, ">"&F$3, Вес, "<="&F$4, Рост, ">"&$C11, Рост, "<="&$D11) -> 0 | G11: =COUNTIFS(Вес, ">"&G$3, Вес, "<="&G$4, Рост, ">"&$C11, Рост, "<="&$D11) -> 0 | H11: =COUNTIFS(Вес, ">"&H$3, Вес, "<="&H$4, Рост, ">"&$C11, Рост, "<="&$D11) -> 0 | I11: =COUNTIFS(Вес, ">"&I$3, Вес, "<="&I$4, Рост, ">"&$C11, Рост, "<="&$D11) -> 0 | J11: =COUNTIFS(Вес, ">"&J$3, Вес, "<="&J$4, Рост, ">"&$C11, Рост, "<="&$D11) -> 1 | K11: =COUNTIFS(Вес, ">"&K$3, Вес, "<="&K$4, Рост, ">"&$C11, Рост, "<="&$D11) -> 1 | L11: =COUNTIFS(Вес, ">"&L$3, Вес, "<="&L$4, Рост, ">"&$C11, Рост, "<="&$D11) -> 0 | M11: =COUNTIFS(Вес, ">"&M$3, Вес, "<="&M$4, Рост, ">"&$C11, Рост, "<="&$D11) -> 1 | N11: =COUNTIFS(Вес, ">"&N$3, Вес, "<="&N$4, Рост, ">"&$C11, Рост, "<="&$D11) -> 0 | O11: =SUM(E11:N11) -> 3
A12: Общая дисперсия (по теореме) равняется их сумме 42,1312 | C12: 184 | D12: 188 | E12: =COUNTIFS(Вес, ">="&E$3, Вес, "<="&E$4, Рост, ">"&$C12, Рост, "<="&$D12) -> 0 | F12: =COUNTIFS(Вес, ">"&F$3, Вес, "<="&F$4, Рост, ">"&$C12, Рост, "<="&$D12) -> 0 | G12: =COUNTIFS(Вес, ">"&G$3, Вес, "<="&G$4, Рост, ">"&$C12, Рост, "<="&$D12) -> 0 | H12: =COUNTIFS(Вес, ">"&H$3, Вес, "<="&H$4, Рост, ">"&$C12, Рост, "<="&$D12) -> 0 | I12: =COUNTIFS(Вес, ">"&I$3, Вес, "<="&I$4, Рост, ">"&$C12, Рост, "<="&$D12) -> 0 | J12: =COUNTIFS(Вес, ">"&J$3, Вес, "<="&J$4, Рост, ">"&$C12, Рост, "<="&$D12) -> 0 | K12: =COUNTIFS(Вес, ">"&K$3, Вес, "<="&K$4, Рост, ">"&$C12, Рост, "<="&$D12) -> 0 | L12: =COUNTIFS(Вес, ">"&L$3, Вес, "<="&L$4, Рост, ">"&$C12, Рост, "<="&$D12) -> 1 | M12: =COUNTIFS(Вес, ">"&M$3, Вес, "<="&M$4, Рост, ">"&$C12, Рост, "<="&$D12) -> 0 | N12: =COUNTIFS(Вес, ">"&N$3, Вес, "<="&N$4, Рост, ">"&$C12, Рост, "<="&$D12) -> 0 | O12: =SUM(E12:N12) -> 1
C13: 188 | D13: 192 | E13: =COUNTIFS(Вес, ">="&E$3, Вес, "<="&E$4, Рост, ">"&$C13, Рост, "<="&$D13) -> 0 | F13: =COUNTIFS(Вес, ">"&F$3, Вес, "<="&F$4, Рост, ">"&$C13, Рост, "<="&$D13) -> 0 | G13: =COUNTIFS(Вес, ">"&G$3, Вес, "<="&G$4, Рост, ">"&$C13, Рост, "<="&$D13) -> 0 | H13: =COUNTIFS(Вес, ">"&H$3, Вес, "<="&H$4, Рост, ">"&$C13, Рост, "<="&$D13) -> 0 | I13: =COUNTIFS(Вес, ">"&I$3, Вес, "<="&I$4, Рост, ">"&$C13, Рост, "<="&$D13) -> 0 | J13: =COUNTIFS(Вес, ">"&J$3, Вес, "<="&J$4, Рост, ">"&$C13, Рост, "<="&$D13) -> 0 | K13: =COUNTIFS(Вес, ">"&K$3, Вес, "<="&K$4, Рост, ">"&$C13, Рост, "<="&$D13) -> 0 | L13: =COUNTIFS(Вес, ">"&L$3, Вес, "<="&L$4, Рост, ">"&$C13, Рост, "<="&$D13) -> 0 | M13: =COUNTIFS(Вес, ">"&M$3, Вес, "<="&M$4, Рост, ">"&$C13, Рост, "<="&$D13) -> 0 | N13: =COUNTIFS(Вес, ">"&N$3, Вес, "<="&N$4, Рост, ">"&$C13, Рост, "<="&$D13) -> 1 | O13: =SUM(E13:N13) -> 1
C14: 192 | D14: 196 | E14: =COUNTIFS(Вес, ">="&E$3, Вес, "<="&E$4, Рост, ">"&$C14, Рост, "<="&$D14) -> 0 | F14: =COUNTIFS(Вес, ">"&F$3, Вес, "<="&F$4, Рост, ">"&$C14, Рост, "<="&$D14) -> 0 | G14: =COUNTIFS(Вес, ">"&G$3, Вес, "<="&G$4, Рост, ">"&$C14, Рост, "<="&$D14) -> 0 | H14: =COUNTIFS(Вес, ">"&H$3, Вес, "<="&H$4, Рост, ">"&$C14, Рост, "<="&$D14) -> 1 | I14: =COUNTIFS(Вес, ">"&I$3, Вес, "<="&I$4, Рост, ">"&$C14, Рост, "<="&$D14) -> 0 | J14: =COUNTIFS(Вес, ">"&J$3, Вес, "<="&J$4, Рост, ">"&$C14, Рост, "<="&$D14) -> 0 | K14: =COUNTIFS(Вес, ">"&K$3, Вес, "<="&K$4, Рост, ">"&$C14, Рост, "<="&$D14) -> 0 | L14: =COUNTIFS(Вес, ">"&L$3, Вес, "<="&L$4, Рост, ">"&$C14, Рост, "<="&$D14) -> 0 | M14: =COUNTIFS(Вес, ">"&M$3, Вес, "<="&M$4, Рост, ">"&$C14, Рост, "<="&$D14) -> 0 | N14: =COUNTIFS(Вес, ">"&N$3, Вес, "<="&N$4, Рост, ">"&$C14, Рост, "<="&$D14) -> 0 | O14: =SUM(E14:N14) -> 1
C15: n_y | E15: =SUM(E5:E14) -> 5 | F15: =SUM(F5:F14) -> 6 | G15: =SUM(G5:G14) -> 12 | H15: =SUM(H5:H14) -> 20 | I15: =SUM(I5:I14) -> 54 | J15: =SUM(J5:J14) -> 44 | K15: =SUM(K5:K14) -> 17 | L15: =SUM(L5:L14) -> 19 | ... N15: =SUM(N5:N14) -> 10
A16: С пункта 4 имеем:
A17: Выборочную дисперсию роста: 37,5
A18: Выборочную дисперсию веса: 42,13
A20: Теорема выполняется
C22: Рост\Вес | E22: =AVERAGE(E3:E4) -> 49.6 | F22: =AVERAGE(F3:F4) -> 52.8 | G22: =AVERAGE(G3:G4) -> 56 | H22: =AVERAGE(H3:H4) -> 59.2 | I22: =AVERAGE(I3:I4) -> 62.4 | J22: =AVERAGE(J3:J4) -> 65.6 | K22: =AVERAGE(K3:K4) -> 68.8 | L22: =AVERAGE(L3:L4) -> 72 | ... N22: =AVERAGE(N3:N4) -> 78.4 | O22: n_x | P22: Проверка | Q22: =SUM(O24:O33) -> 200
P23: ="-y_x" -> -y_x | Q23: D^(j)
C24: =AVERAGE(C5:D5) -> 158 | E24: 2 | F24: 2 | G24: 1 | H24: 3 | I24: 3 | J24: 0 | K24: 0 | L24: 0 | M24: 0 | N24: 0 | O24: 11 | P24: =1/O24 *SUMPRODUCT($E$22:$N$22, E24:N24) -> 56.872727 | Q24: =1/O24 *SUMPRODUCT($E$22:$N$22,$E$22:$N$22,E24:N24) - P24*P24 -> 22.511074
C25: =AVERAGE(C6:D6) -> 162 | E25: 2 | F25: 4 | G25: 5 | H25: 8 | I25: 10 | J25: 1 | K25: 2 | L25: 1 | M25: 0 | N25: 0 | O25: 33 | P25: =1/O25 *SUMPRODUCT($E$22:$N$22, E25:N25) -> 59.490909 | Q25: =1/O25 *SUMPRODUCT($E$22:$N$22,$E$22:$N$22,E25:N25) - P25*P25 -> 26.911736
C26: =AVERAGE(C7:D7) -> 166 | E26: 1 | F26: 0 | G26: 6 | H26: 4 | I26: 20 | J26: 8 | K26: 2 | L26: 3 | M26: 2 | N26: 1 | O26: 47 | P26: =1/O26 *SUMPRODUCT($E$22:$N$22, E26:N26) -> 63.353191 | Q26: =1/O26 *SUMPRODUCT($E$22:$N$22,$E$22:$N$22,E26:N26) - P26*P26 -> 30.465043
C27: =AVERAGE(C8:D8) -> 170 | E27: 0 | F27: 0 | G27: 0 | H27: 3 | I27: 15 | J27: 21 | K27: 7 | L27: 5 | M27: 5 | N27: 1 | O27: 57 | P27: =1/O27 *SUMPRODUCT($E$22:$N$22, E27:N27) -> 66.442105 | Q27: =1/O27 *SUMPRODUCT($E$22:$N$22,$E$22:$N$22,E27:N27) - P27*P27 -> 19.950508
C28: =AVERAGE(C9:D9) -> 174 | E28: 0 | F28: 0 | G28: 0 | H28: 1 | I28: 5 | J28: 8 | K28: 3 | L28: 4 | M28: 3 | N28: 3 | O28: 27 | P28: =1/O28 *SUMPRODUCT($E$22:$N$22, E28:N28) -> 68.562963 | Q28: =1/O28 *SUMPRODUCT($E$22:$N$22,$E$22:$N$22,E28:N28) - P28*P28 -> 30.284554
C29: =AVERAGE(C10:D10) -> 178 | E29: 0 | F29: 0 | G29: 0 | H29: 0 | I29: 1 | J29: 5 | K29: 2 | L29: 5 | M29: 2 | N29: 4 | O29: 19 | P29: =1/O29 *SUMPRODUCT($E$22:$N$22, E29:N29) -> 71.157895 | Q29: =1/O29 *SUMPRODUCT($E$22:$N$22,$E$22:$N$22,E29:N29) - P29*P29 -> 25.69928
C30: =AVERAGE(C11:D11) -> 182 | E30: 0 | F30: 0 | G30: 0 | H30: 0 | I30: 0 | J30: 1 | K30: 1 | L30: 0 | M30: 1 | N30: 0 | O30: 3 | P30: =1/O30 *SUMPRODUCT($E$22:$N$22, E30:N30) -> 69.866667 | Q30: =1/O30 *SUMPRODUCT($E$22:$N$22,$E$22:$N$22,E30:N30) - P30*P30 -> 15.928889
C31: =AVERAGE(C12:D12) -> 186 | E31: 0 | F31: 0 | G31: 0 | H31: 0 | I31: 0 | J31: 0 | K31: 0 | L31: 1 | M31: 0 | N31: 0 | O31: 1 | P31: =1/O31 *SUMPRODUCT($E$22:$N$22, E31:N31) -> 72 | Q31: =1/O31 *SUMPRODUCT($E$22:$N$22,$E$22:$N$22,E31:N31) - P31*P31 -> 0
C32: =AVERAGE(C13:D13) -> 190 | E32: 0 | F32: 0 | G32: 0 | H32: 0 | I32: 0 | J32: 0 | K32: 0 | L32: 0 | M32: 0 | N32: 1 | O32: 1 | P32: =1/O32 *SUMPRODUCT($E$22:$N$22, E32:N32) -> 78.4 | Q32: =1/O32 *SUMPRODUCT($E$22:$N$22,$E$22:$N$22,E32:N32) - P32*P32 -> 0
C33: =AVERAGE(C14:D14) -> 194 | E33: 0 | F33: 0 | G33: 0 | H33: 1 | I33: 0 | J33: 0 | K33: 0 | L33: 0 | M33: 0 | N33: 0 | O33: 1 | P33: =1/O33 *SUMPRODUCT($E$22:$N$22, E33:N33) -> 59.2 | Q33: =1/O33 *SUMPRODUCT($E$22:$N$22,$E$22:$N$22,E33:N33) - P33*P33 -> 0
C34: n_y | E34: 5 | F34: 6 | G34: 12 | H34: 20 | I34: 54 | J34: 44 | K34: 17 | L34: 19 | M34: 13 | N34: 10
C35: Проверка | D35: =SUM(E34:N34) -> 200
E37: ="-y" -> -y | G37: D_B | I37: D_M | K37: D_O
E38: =1/200*SUMPRODUCT(O24:O33,P24:P33) -> 64.88 | G38: =SUMPRODUCT(O24:O33,Q24:Q33)/200 -> 25.292505 | I38: =1/200 * SUMPRODUCT(O24:O33, P24:P33,P24:P33) - E38*E38 -> 16.838695 | K38: =G38+I38 -> 42.1312

Sheet 12
A1: 12) Проверить гипотезу о независимости при уровне
A2: значимости 0,05, считая распределение веса нормальным. | C2: D_B | D2: D_M | E2: D_O | F2: альфа | G2: k
C3: ='11'!G38 -> 25.292505 | D3: ='11'!I38 -> 16.838695 | E3: ='11'!K38 -> 42.1312 | F3: 0.05 | G3: 10
A5: H0: не имеется корреляции веса от роста | D5: K = | E5: =(200 - G3)/(G3- 1)*D3/C3 -> 14.054897
A6: H1: имеется корреляция веса от роста | D6: t_крит. | E6: =_xlfn.F.INV.RT(0.05, G3 - 1, 200 - 1) -> 1.9271639
A7: Так как K > t_крит., то гипотеза H0 отвергается
A8: Принимается альтернативная гипотеза H1

Sheet 13
A1: 13) По интервальной корреляционной таблице
A2: найти выборочный коэффициент линейной корреляции,
A3: составить уравнение линейной регрессии веса от роста.
A4: Сделать вывод о силе линейной связи по шкале Чеддока.
E5: Рост\Вес | F5: 49.6 | G5: 52.8 | H5: 56 | I5: 59.2 | J5: 62.4 | K5: 65.6 | L5: 68.8 | M5: 72 | N5: 75.2 | O5: 78.4 | P5: n_x
E6: 158 | F6: 2 | G6: 2 | H6: 1 | I6: 3 | J6: 3 | K6: 0 | L6: 0 | M6: 0 | N6: 0 | O6: 0 | P6: 11 | Q6: =SUMPRODUCT(F6:O6,$F$5:$O$5) *E6 -> 98844.8
A7: r = 0,572 | E7: 162 | F7: 2 | G7: 4 | H7: 5 | I7: 8 | J7: 10 | K7: 1 | L7: 2 | M7: 1 | N7: 0 | O7: 0 | P7: 33 | Q7: =SUMPRODUCT(F7:O7,$F$5:$O$5) *E7 -> 318038.4
A8: y = 0,606x - 37,476 | E8: 166 | F8: 1 | G8: 0 | H8: 6 | I8: 4 | J8: 20 | K8: 8 | L8: 2 | M8: 3 | N8: 2 | O8: 1 | P8: 47 | Q8: =SUMPRODUCT(F8:O8,$F$5:$O$5) *E8 -> 494281.6
A9: По шкале Чеддока имеется заметная корреляция | E9: 170 | F9: 0 | G9: 0 | H9: 0 | I9: 3 | J9: 15 | K9: 21 | L9: 7 | M9: 5 | N9: 5 | O9: 1 | P9: 57 | Q9: =SUMPRODUCT(F9:O9,$F$5:$O$5) *E9 -> 643824
E10: 174 | F10: 0 | G10: 0 | H10: 0 | I10: 1 | J10: 5 | K10: 8 | L10: 3 | M10: 4 | N10: 3 | O10: 3 | P10: 27 | Q10: =SUMPRODUCT(F10:O10,$F$5:$O$5) *E10 -> 322108.8
E11: 178 | F11: 0 | G11: 0 | H11: 0 | I11: 0 | J11: 1 | K11: 5 | L11: 2 | M11: 5 | N11: 2 | O11: 4 | P11: 19 | Q11: =SUMPRODUCT(F11:O11,$F$5:$O$5) *E11 -> 240656
E12: 182 | F12: 0 | G12: 0 | H12: 0 | I12: 0 | J12: 0 | K12: 1 | L12: 1 | M12: 0 | N12: 1 | O12: 0 | P12: 3 | Q12: =SUMPRODUCT(F12:O12,$F$5:$O$5) *E12 -> 38147.2
E13: 186 | F13: 0 | G13: 0 | H13: 0 | I13: 0 | J13: 0 | K13: 0 | L13: 0 | M13: 1 | N13: 0 | O13: 0 | P13: 1 | Q13: =SUMPRODUCT(F13:O13,$F$5:$O$5) *E13 -> 13392
E14: 190 | F14: 0 | G14: 0 | H14: 0 | I14: 0 | J14: 0 | K14: 0 | L14: 0 | M14: 0 | N14: 0 | O14: 1 | P14: 1 | Q14: =SUMPRODUCT(F14:O14,$F$5:$O$5) *E14 -> 14896
E15: 194 | F15: 0 | G15: 0 | H15: 0 | I15: 1 | J15: 0 | K15: 0 | L15: 0 | M15: 0 | N15: 0 | O15: 0 | P15: 1 | Q15: =SUMPRODUCT(F15:O15,$F$5:$O$5) *E15 -> 11484.8
E16: n_y | F16: 5 | G16: 6 | H16: 12 | I16: 20 | J16: 54 | K16: 44 | L16: 17 | M16: 19 | N16: 13 | O16: 10
B17: Поиск коэффициента
B18: линейной корреляции,
B19: уравнение лин.регрессии
B20: Выборочное ср. роста | C20: ='4'!Q2 -> 168.86
B21: Выборочное ср. веса | C21: ='4'!AG2 -> 64.88
B22: Sx | C22: =SQRT('4'!Q3) -> 6.123757
B23: Sy | C23: =SQRT('4'!AG3) -> 6.4908551
B24: xy__ | C24: =SUM(Q6:Q15)/200 -> 10978.368
B25: b | C25: =(C24-C21*C20)/(C22^2) -> 0.60615887
B26: a | C26: =C21-C25*C20 -> -37.475986
B28: r = | C28: =(C24-C20*C21)/(C22*C23) -> 0.57187683
B29: y = | C29: 0,606x - 37,476

Sheet 14
A1: 14) Построить график линии регрессии.
A2: Нанести на этот же график точки условных средних. | F2: Средние значения | O2: Точки для построения прямой
B3: Вес (Y) | C3: {=TRANSPOSE('10'!Q17:Q26)} -> 56.872727 | D3: 59.490909 | E3: 63.353191 | F3: 66.442105 | G3: 68.562963 | H3: 71.157895 | I3: 69.866667 | J3: 72 | K3: 78.4 | L3: 59.2 | O3: =O4*$C$8 + $C$7 -> 57.084797 | P3: =P4*$C$8 + $C$7 -> 62.722074 | Q3: =Q4*$C$8 + $C$7 -> 66.055948 | R3: =R4*C8+C7 -> 82.24039
B4: Рост (X) | C4: {=TRANSPOSE('10'!E17:E26)} -> 158 | D4: 162 | E4: 166 | F4: 170 | G4: 174 | H4: 178 | I4: 182 | J4: 186 | K4: 190 | L4: 194 | O4: 156 | P4: 165.3 | Q4: 170.8 | R4: 197.5
B6: ='13'!B29 -> y = | C6: ='13'!C29 -> 0,606x - 37,476
B7: ='13'!B26 -> a | C7: ='13'!C26 -> -37.475986
B8: ='13'!B25 -> b | C8: ='13'!C25 -> 0.60615887

Sheet 15
A1: 15) Найти выборочное корреляционное соотношение
A2: и сравнить его с коэффициентом корреляции.
C3: D_B | D3: D_M | E3: D_O | G3: r | H3: μ
C4: 25.292505 | D4: 16.838695 | E4: 42.1312 | G4: ='13'!C28 -> 0.57187683 | H4: =SQRT(D4/E4) -> 0.63219681
A5: Выборочное корреляционное соотношение: 0,632
A6: Коэффициент корреляции: 0,572
A8: Так как кор.соотношение достаточно близко
A9: к коэффициенту корреляции, то можно сделать
A10: вывод, что модель линейной регрессии оправдана

Sheet 16
A1: 16) Используя встроенную функцию EXCEL ЛИНЕЙН, по исходным данным найти | D1: Линейн
A2: a) параметры a и b линейной регрессии, их стандартные ошибки, | C2: b = | D2: {=LINEST(Вес,Рост,1,1)} -> 0.60580606 | E2: -37.50643 | F2: ="a" -> a | H2: Ср.рост | I2: =AVERAGE(Рост) -> 169.38
A3: стандартную ошибку регрессии, коэффициент детерминации, | C3: S_b | D3: 0.060308506 | E3: 10.221913 | F3: ="S_a" -> S_a | H3: Испр. Дисп | I3: =_xlfn.VAR.P(Рост) -> 38.5356
A4: значение F-статистики, дисперсии расчетных значений и остатков. Написать уравнение регрессии. | C4: R^2 | D4: 0.33758083 | E4: 5.2944961 | F4: S
A5: б) Сделать прогноз веса при росте 180 см. Найти стандартную ошибку прогноза и его доверительный интервал | C5: F | D5: 100.9044 | E5: 198 | F5: n - 2
A6: в) Сделать прогноз веса при росте 180 см. Найти стандартную ошибку прогноза и его доверительный интервал | C6: nD(y^) = | D6: 2828.5206 | E6: 5550.2744 | F6: nD(e)
A7: г) Проверить гипотезу о статистической значимости уравнения линейной регрессии при уровне 0,05.
C8: Пункт а) | D8: a = | E8: =E2 -> -37.50643 | G8: Пункт б) | H8: рост | I8: 180 | K8: Пункт в) | L8: =E2 -I11*E3 -> -57.664221 | M8: <= α <= | N8: =E2+ I11*E3 -> -17.34864
D9: S_a = | E9: =E3 -> 10.221913 | H9: Прогноз веса | I9: =I8*D2+E2 -> 71.53866 | L9: =D2 -D3*I11 -> 0.48687663 | M9: <= β <= | N9: =D2+D3*I11 -> 0.72473549
D10: b = | E10: =D2 -> 0.60580606 | H10: гамма | I10: 0.95
D11: S_b = | E11: =D3 -> 0.060308506 | H11: t_гамма | I11: =_xlfn.T.INV.2T(1 - I10,E5) -> 1.9720175
D12: S = | E12: =E4 -> 5.2944961 | H12: S_Δp | I12: =E4 * SQRT(1 + 1/200 + (I8-I2)^2/(200 *I3)) -> 5.346219 | K12: Пункт г) | L12: альфа | M12: 0.05
D13: nD(y^) = | E13: =D6 -> 2828.5206 | L13: t_крит | M13: =_xlfn.F.INV.RT(M12, 1, E5) -> 3.8888529
D14: nD(e) = | E14: =E6 -> 5550.2744 | G14: =I9-I11*I12 -> 60.995823 | H14: <= y_p <= | I14: =I9 + I11*I12 -> 82.081498 | L14: F | M14: =D5 -> 100.9044
D15: D(y^) = | E15: =E13/200 -> 14.142603
D16: D(e) = | E16: =E14/200 -> 27.751372
D17: R^2 = | E17: =D4 -> 0.33758083
D18: F = | E18: =D5 -> 100.9044
D19: n - 2 = | E19: =E5 -> 198
